length,protocol,info,source,destination,time
66,7,14186,45,39,7980.324463
58,7,7692,45,46,74.822065
58,7,3802,45,46,255.040273
58,7,6426,45,44,5.738575
42,4,22224,46,44,6221.128587
